{
    "user": [
        {
            "src": "https://avatars.mds.yandex.net/i?id=e2ff6a64fad88cd1cb9d827a4fa6fbb6f344d265-12421362-images-thumbs&n=13"
        },
        {
            "src": "https://avatars.mds.yandex.net/i?id=bae3dfc82cd647112f6557e610fa3ced40aba571-3888391-images-thumbs&n=13"
        },
        {
            "src": "https://avatars.mds.yandex.net/i?id=8c777b5604a6df69c091a4cbc0705d34b7f1f8fe-9699933-images-thumbs&n=13"
        },
        {
            "src": "https://avatars.mds.yandex.net/i?id=73298d618d89da4f4a2561f288e1aff1cfc8d84376e747a0-12624586-images-thumbs&n=13"
        },
        {
            "src": "https://avatars.mds.yandex.net/i?id=6839ed26d87e6db370a202b4273108dbaa4779253fb024cc-5658631-images-thumbs&n=13"
        },
        {
            "src": "https://avatars.mds.yandex.net/i?id=12dce32892cfaf2d0048dbf9e7c0fa4fbf3ae5c4-10700840-images-thumbs&n=13"
        },
        {
            "src": "https://avatars.mds.yandex.net/i?id=07b18cecd119b4b8ca3cac819b1dfd4397904a21-8497474-images-thumbs&n=13"
        },
        {
            "src": "https://avatars.mds.yandex.net/i?id=656d5b17f1555a8d80d54176c1f3e0d637aef1e2-10671814-images-thumbs&n=13"
        },
        {
            "src": "https://avatars.mds.yandex.net/i?id=ba20fe457028eaaf1093852f1795f00e9ec3a5b0-12496338-images-thumbs&n=13"
        },
        {
            "src": "https://avatars.mds.yandex.net/i?id=21a622f7f900ef9d5d7fcd998fa363762ace3d62-9181483-images-thumbs&n=13"
        },
        {
            "src": "https://avatars.mds.yandex.net/i?id=fc2f0e7cf8182956131fd8b8f8458ab3be7b94f6-10025687-images-thumbs&n=13"
        },
        {
            "src": "https://avatars.mds.yandex.net/i?id=b7986ac273d0b9c92da8e0e491973a5ab5c1e2ff2b437753-4077930-images-thumbs&n=13"
        },
        {
            "src": "https://avatars.mds.yandex.net/i?id=9ae4587ac14f14b036625299efbf6dc4bff10f1c-4502399-images-thumbs&n=13"
        },
        {
            "src": "https://avatars.mds.yandex.net/i?id=388c6824d29f6f40ad1e9aa3e9b2a2da34a3e2dc-3821958-images-thumbs&n=13"
        },
        {
            "src": "https://avatars.mds.yandex.net/i?id=c86b5032db31e6568c1bcb072d7d8d796abf5cb3-11392166-images-thumbs&n=13"
        },
        {
            "src": "https://avatars.mds.yandex.net/i?id=b70b3d2cf95d37c254e7c9aec5ab20b5732537e9-9601511-images-thumbs&n=13"
        },
        {
            "src": "https://avatars.mds.yandex.net/i?id=8099799c25a07b6c57962dce94fe342a257eb783-10499998-images-thumbs&n=13"
        },
        {
            "src": "https://avatars.mds.yandex.net/i?id=dc397935b6d85071c9ce061d859832a96910c6e7-9235545-images-thumbs&n=13"
        },
        {
            "src": "https://avatars.mds.yandex.net/i?id=e7e94c1bd4472e64fbeb12e2d6133610d914d2a0-5474802-images-thumbs&n=13"
        },
        {
            "src": "https://avatars.mds.yandex.net/i?id=141d1bc33058a2f447f86c0ebaba9f651ef8f6a0-4949466-images-thumbs&n=13"
        },
        {
            "src": "https://avatars.mds.yandex.net/i?id=e0e18b605d56a8972e18829e2a94953efdf85b07-8276139-images-thumbs&n=13"
        },
        {
            "src": "https://avatars.mds.yandex.net/i?id=541364ff00c0f526fd94ae487f4c752040fc6c83-5232990-images-thumbs&n=13"
        },
        {
            "src": "https://avatars.mds.yandex.net/i?id=f691dd4c594b1c507859274f64b8356f37607513-5460273-images-thumbs&n=13"
        },
        {
            "src": "https://avatars.mds.yandex.net/i?id=a98f6810e4141fce488ac0ef9570163ac184f4bc-9246177-images-thumbs&n=13"
        },
        {
            "src": "https://avatars.mds.yandex.net/i?id=53a1d6d10c74d5298ed68a9d93e007250ccc4828-5332739-images-thumbs&n=13"
        },
        {
            "src": "https://avatars.mds.yandex.net/i?id=63c7d5dd6ed1e17f1a633ba2c9a4350fa7f4c875-5555892-images-thumbs&n=13"
        },
        {
            "src": "https://avatars.mds.yandex.net/i?id=9e3aa44d075788ce3b1e8b910eab06de1b338b0e-3688661-images-thumbs&n=13"
        },
        {
            "src": "https://avatars.mds.yandex.net/i?id=8dba37d807628408b41e7e081686fa752e826e31-7011667-images-thumbs&n=13"
        },
        {
            "src": "https://avatars.mds.yandex.net/i?id=9e3aa44d075788ce3b1e8b910eab06de1b338b0e-3688661-images-thumbs&n=13"
        },
        {
            "src": "https://avatars.mds.yandex.net/i?id=b7ee170c7d7476a2d6e601be56348f50807e99fe-9857494-images-thumbs&n=13"
        },
        {
            "src": "https://avatars.mds.yandex.net/i?id=d58c303ac8792547a9b148d2412455a2972d73f9be531b41-5859664-images-thumbs&n=13"
        },
        {
            "src": "https://avatars.mds.yandex.net/i?id=a93a0b78b912847e31bbe1acc4325e97179299e1-5206291-images-thumbs&n=13"
        },
        {
            "src": "https://avatars.mds.yandex.net/i?id=6157af8118254aaaabbe144715e8667e498d1892-10158687-images-thumbs&n=13"
        },
        {
            "src": "https://avatars.mds.yandex.net/i?id=71618e699645a1f57929e55af5ee0235d0049ac56a1a87f8-10100796-images-thumbs&n=13"
        },
        {
            "src": "https://avatars.mds.yandex.net/i?id=09be55bb78b3c33f47390673d1b33756007c16ab-5205837-images-thumbs&n=13"
        },
        {
            "src": "https://avatars.mds.yandex.net/i?id=f36cc294dd1c5010ff490c129ca27536f303ac2e-11461784-images-thumbs&n=13"
        },
        {
            "src": "https://avatars.mds.yandex.net/i?id=244615b4b9b8a3d1d958a5bd813b42c6faf756f2-6840111-images-thumbs&n=13"
        },
        {
            "src": "https://avatars.mds.yandex.net/i?id=292aafbb70c5a84244e9273f37417d43f0247e17-9268554-images-thumbs&n=13"
        },
        {
            "src": "https://avatars.mds.yandex.net/i?id=d42aa7628d6a5e099fbd2a4a64ebb7cb0c7909014f3eedc3-12420879-images-thumbs&n=13"
        },
        {
            "src": "https://avatars.mds.yandex.net/i?id=983980a7853b21e75117dab31a6d545c498a9253-4230742-images-thumbs&n=13"
        },
        {
            "src": "https://avatars.mds.yandex.net/i?id=a661790413edc235f3a853a2e4ace2ffa7d5dcec-8552056-images-thumbs&n=13"
        },
        {
            "src": "https://avatars.mds.yandex.net/i?id=69ede0e0520a6ceca401950b52565b50ad863ec5-12147736-images-thumbs&n=13"
        }]
}